Owner,Name,Status,Code
3M Company,3M Pittsboro Mine,Completed,0831-0001
AAAAcme,AAcme,Draft,0847-0001
"Alamac American Knits, LLC",Alamac American Knits,Completed,0292-0001
Alamance Country Club,Alamance Country Club,Completed,0043-0001
"American & Efird, Inc.",Plant 15,Completed,0004-0001
Anderson Creek Partners,Anderson Creek Golf Club,Completed,0772-0001
"APAC Atlantic, Thompson-Arthur",Candor Sand Plant,Completed,0865-0001
Aqua North Carolina,A Country Place,Completed,0218-0016
Aqua North Carolina,Alan Acres,Completed,0218-0017
Aqua North Carolina,Albany Acres,Completed,0218-0018
Aqua North Carolina,Allen Woods Village,Completed,0218-0019
Aqua North Carolina,Allendale,Completed,0218-0020
Aqua North Carolina,Altice Estates,Completed,0218-0021
Aqua North Carolina,Amy Acres,Completed,0218-0022
Aqua North Carolina,Applegate,Completed,0218-0013
Aqua North Carolina,Arbor Run,Completed,0218-0023
Aqua North Carolina,Armfield 1A,Completed,0218-0024
Aqua North Carolina,Armfield 1B,Completed,0218-0703
Aqua North Carolina,Arrow Springs,Completed,0218-0025
Aqua North Carolina,Ashbrook,Completed,0218-0026
Aqua North Carolina,Ashebrook Park,Completed,0218-0028
Aqua North Carolina,Ashley Hills,Completed,0218-0029
Aqua North Carolina,Ashley Woods,Completed,0218-0030
Aqua North Carolina,Auburn Hills,Completed,0218-0031
Aqua North Carolina,Autumn Acres,Completed,0218-0033
Aqua North Carolina,Autumn Crest/Crest of Carolina,Completed,0218-0034
Aqua North Carolina,Avocet,Completed,0218-0705
Aqua North Carolina,Bailey's Landing,Completed,0218-0035
Aqua North Carolina,Ballard Farm,Completed,0218-0036
Aqua North Carolina,Balls Creek,Completed,0218-0037
Aqua North Carolina,Bannertown Hills,Completed,0218-0038
Aqua North Carolina,Barclay Downs,Completed,0218-0039
Aqua North Carolina,Barrington Hills,Completed,0218-0040
Aqua North Carolina,Bay Laurel,Completed,0218-0041
Aqua North Carolina,Bay Pointe,Completed,0218-0042
Aqua North Carolina,Bayberry,Completed,0218-0043
Aqua North Carolina,Beacon Hill,Completed,0218-0721
Aqua North Carolina,Beacon Hills,Completed,0218-0044
Aqua North Carolina,Beacon Pointe,Completed,0218-0045
Aqua North Carolina,Belews Landing,Completed,0218-0048
Aqua North Carolina,Belle Meade,Completed,0218-0049
Aqua North Carolina,Belle Ridge,Completed,0218-0050
Aqua North Carolina,Berkshire Downs,Completed,0218-0051
Aqua North Carolina,Bethaven,Completed,0218-0052
Aqua North Carolina,Bethel Forest,Completed,0218-0015
Aqua North Carolina,Beverly Acres,Completed,0218-0054
Aqua North Carolina,Bexley Place,Completed,0218-0055
Aqua North Carolina,Birchfalls,Completed,0218-0056
Aqua North Carolina,Birklands,Completed,0218-0057
Aqua North Carolina,Bishops Ridge,Completed,0218-0058
Aqua North Carolina,Blue Water Cove,Completed,0218-0059
Aqua North Carolina,Bonaire,Completed,0218-0060
Aqua North Carolina,Bostian Heights,Completed,0218-0061
Aqua North Carolina,Brackenridge Estates,Completed,0218-0062
Aqua North Carolina,Bradford,Completed,0218-0063
Aqua North Carolina,Brafford Farms,Completed,0218-0064
Aqua North Carolina,Bragg Estates,Completed,0218-0006
Aqua North Carolina,Branston,Completed,0218-0065
Aqua North Carolina,Braxton Hills/Simmons Heights,Completed,0218-0066
Aqua North Carolina,Brayton Park,Completed,0218-0067
Aqua North Carolina,Brentwood,Completed,0218-0068
Aqua North Carolina,Briar Creek,Completed,0218-0069
Aqua North Carolina,Briarwood Farms,Completed,0218-0072
Aqua North Carolina,Briarwood/Kildaire Farms,Completed,0218-0070
Aqua North Carolina,Bridal Woods,Completed,0218-0071
Aqua North Carolina,Bridges,Completed,0218-0073
Aqua North Carolina,Brights Creek,Completed,0218-0074
Aqua North Carolina,British Woods,Completed,0218-0075
Aqua North Carolina,Broadhurst/Turner Downs,Completed,0218-0076
Aqua North Carolina,Brookstone,Completed,0218-0077
Aqua North Carolina,Brookwood Community System,Draft,0218-0724
Aqua North Carolina,Buffalo Shoals,Completed,0218-0080
Aqua North Carolina,Bunker Hill Estates,Completed,0218-0713
Aqua North Carolina,Cabarrus Acres,Completed,0218-0081
Aqua North Carolina,Cambridge,Completed,0218-0082
Aqua North Carolina,Camelot,Completed,0218-0083
Aqua North Carolina,Cameron Point,Completed,0218-0084
Aqua North Carolina,Candy Creek,Completed,0218-0009
Aqua North Carolina,Cane Creek,Completed,0218-0085
Aqua North Carolina,Canterbury Estates,Completed,0218-0086
Aqua North Carolina,Canterbury Trails,Completed,0218-0087
Aqua North Carolina,Carden's Creek,Completed,0218-0088
Aqua North Carolina,Cardinal Acres,Completed,0218-0089
Aqua North Carolina,Carmel Park,Completed,0218-0090
Aqua North Carolina,Castle Bay,Completed,0218-0091
Aqua North Carolina,Castlewood,Completed,0218-0092
Aqua North Carolina,Catawba Shores,Completed,0218-0093
Aqua North Carolina,Cedar Creek,Completed,0218-0094
Aqua North Carolina,Cedar Grove,Completed,0218-0095
Aqua North Carolina,Cedar Hollow,Completed,0218-0096
Aqua North Carolina,Cedar Terrace,Completed,0218-0097
Aqua North Carolina,Cedar Valley/Catawba,Completed,0218-0098
Aqua North Carolina,Cedar Valley/Gaston,Completed,0218-0099
Aqua North Carolina,Cedarwood Acres,Completed,0218-0100
Aqua North Carolina,Chacewater,Draft,0218-0718
Aqua North Carolina,Chapel View Circle,Completed,0218-0103
Aqua North Carolina,Chapelwood Acres,Completed,0218-0104
Aqua North Carolina,Chesterfield Village,Completed,0218-0106
Aqua North Carolina,Chipley Park,Completed,0218-0107
Aqua North Carolina,Clarendon Gardens,Completed,0218-0108
Aqua North Carolina,Clearview Acres,Completed,0218-0109
Aqua North Carolina,Cliftwood West,Completed,0218-0110
Aqua North Carolina,Clubview Estates,Completed,0218-0111
Aqua North Carolina,Collybrooke,Completed,0218-0717
Aqua North Carolina,Colonial Heights - Malibu,Completed,0218-0113
Aqua North Carolina,Colonial Heights - Meadowbrook,Completed,0218-0114
Aqua North Carolina,Colonial Woods,Completed,0218-0115
Aqua North Carolina,Colvard Farms,Completed,0218-0708
Aqua North Carolina,Copeland Acres,Completed,0218-0116
Aqua North Carolina,Copper Trace,Completed,0218-0117
Aqua North Carolina,Copperfield/Carmel Hills,Completed,0218-0118
Aqua North Carolina,Copperfield/Reston Woods,Completed,0218-0119
Aqua North Carolina,Coral Park,Completed,0218-0120
Aqua North Carolina,Cotesworth Downs/Kimmon Place,Completed,0218-0121
Aqua North Carolina,Cotten Woods,Completed,0218-0122
Aqua North Carolina,Country Acres MH,Completed,0218-0123
Aqua North Carolina,Country Acres/South Gate,Completed,0218-0124
Aqua North Carolina,Country Crossing,Completed,0218-0125
Aqua North Carolina,Country Hills,Completed,0218-0126
Aqua North Carolina,Country Knolls,Completed,0218-0127
Aqua North Carolina,Country Meadows,Completed,0218-0128
Aqua North Carolina,Country Ridge,Completed,0218-0129
Aqua North Carolina,Country Squires,Completed,0218-0130
Aqua North Carolina,Country Valley MH,Completed,0218-0131
Aqua North Carolina,Countryside,Completed,0218-0132
Aqua North Carolina,Cove at Chesapeake Point,Completed,0218-0133
Aqua North Carolina,Crabtree II,Completed,0218-0134
Aqua North Carolina,Creek Stone,Completed,0218-0135
Aqua North Carolina,Creekside Estates,Completed,0218-0136
Aqua North Carolina,Crescent Ridge,Completed,0218-0138
Aqua North Carolina,Crestview (Cabarrus),Completed,0218-0140
Aqua North Carolina,Crestview (Rowan),Completed,0218-0139
Aqua North Carolina,Crooked Creek,Completed,0218-0142
Aqua North Carolina,Cross Creek,Completed,0218-0143
Aqua North Carolina,Cross Creek MHP,Completed,0218-0144
Aqua North Carolina,Crutchfield Farms,Completed,0218-0145
Aqua North Carolina,Dalewood/Monteray,Completed,0218-0146
Aqua North Carolina,Dallas Acres,Completed,0218-0147
Aqua North Carolina,Davidson Woods,Completed,0218-0148
Aqua North Carolina,Dearon Village,Completed,0218-0149
Aqua North Carolina,Deer Path,Completed,0218-0150
Aqua North Carolina,Deerfield (Johnston),Completed,0218-0151
Aqua North Carolina,Deerfield (Surry),Completed,0218-0152
Aqua North Carolina,Deerwood,Completed,0218-0153
Aqua North Carolina,Delmont Acres,Completed,0218-0154
Aqua North Carolina,Devonshire (Weaver Place),Completed,0218-0155
Aqua North Carolina,Diamond Head,Completed,0218-0156
Aqua North Carolina,Donaldson's Landing,Completed,0218-0157
Aqua North Carolina,Doolie Meadows,Completed,0218-0158
Aqua North Carolina,Dorsett Downs,Completed,0218-0159
Aqua North Carolina,Dove Meadows,Completed,0218-0160
Aqua North Carolina,Duan Acres,Completed,0218-0161
Aqua North Carolina,Duchess Downs,Completed,0218-0162
Aqua North Carolina,Duncan Ridge,Completed,0218-0163
Aqua North Carolina,Eagelwood Farms,Completed,0218-0166
Aqua North Carolina,Eagle Creek,Completed,0218-0164
Aqua North Carolina,Eagle Landing,Completed,0218-0165
Aqua North Carolina,East Chestnut Street Ext,Completed,0218-0167
Aqua North Carolina,East Gaston MHP,Completed,0218-0168
Aqua North Carolina,Edgewood Acres,Completed,0218-0170
Aqua North Carolina,Edgewood Hills,Completed,0218-0171
Aqua North Carolina,El Camino Acres,Completed,0218-0172
Aqua North Carolina,Elliot Landing,Completed,0218-0173
Aqua North Carolina,Emerald Village,Completed,0218-0174
Aqua North Carolina,Enoch Turner,Completed,0218-0175
Aqua North Carolina,Fair Oaks,Completed,0218-0176
Aqua North Carolina,Fairbrook,Completed,0218-0177
Aqua North Carolina,Fairfax,Completed,0218-0178
Aqua North Carolina,Fairview Park,Completed,0218-0179
Aqua North Carolina,Fairview Wooded Acres,Completed,0218-0180
Aqua North Carolina,Falls Preserve,Completed,0218-0706
Aqua North Carolina,Fallscrest A & B,Completed,0218-0181
Aqua North Carolina,Farm (The),Completed,0218-0182
Aqua North Carolina,Farmwood,Completed,0218-0183
Aqua North Carolina,Fieldstone/Cold Springs,Completed,0218-0185
Aqua North Carolina,Five Oaks,Completed,0218-0186
Aqua North Carolina,Fleetwood Acres,Completed,0218-0187
Aqua North Carolina,Fleetwood Falls,Completed,0218-0188
Aqua North Carolina,Fontain Village,Completed,0218-0189
Aqua North Carolina,Forest Acres,Completed,0218-0190
Aqua North Carolina,Forest Cove,Completed,0218-0191
Aqua North Carolina,Forest Glen/Glen Meadows,Completed,0218-0192
Aqua North Carolina,Forest Pines,Completed,0218-0193
Aqua North Carolina,Forest Pointe,Completed,0218-0194
Aqua North Carolina,Forest Ridge - Catawba,Completed,0218-0196
Aqua North Carolina,Forest Ridge - Wake,Draft,0218-0195
Aqua North Carolina,Fox N Hound,Completed,0218-0197
Aqua North Carolina,Fox Ridge/Fountain Trace,Completed,0218-0198
Aqua North Carolina,Fox Run - Durham,Completed,0218-0199
Aqua North Carolina,Fox Run - Gaston,Completed,0218-0200
Aqua North Carolina,Foxboro Estates,Completed,0218-0201
Aqua North Carolina,Foxbury,Completed,0218-0202
Aqua North Carolina,Foxbury Meadows,Completed,0218-0203
Aqua North Carolina,Foxfire,Completed,0218-0204
Aqua North Carolina,Foxmoor,Completed,0218-0205
Aqua North Carolina,Freemont Park,Completed,0218-0206
Aqua North Carolina,Gallagher Trails,Completed,0218-0207
Aqua North Carolina,Galloway,Completed,0218-0208
Aqua North Carolina,Garner Estates,Completed,0218-0209
Aqua North Carolina,Garrett Ridge,Completed,0218-0210
Aqua North Carolina,Gaylee Village,Completed,0218-0211
Aqua North Carolina,Gibson Glen,Completed,0218-0699
Aqua North Carolina,Glencroft - Catawba,Completed,0218-0212
Aqua North Carolina,Glencroft - Mecklenburg,Completed,0218-0213
Aqua North Carolina,Glendale,Completed,0218-0214
Aqua North Carolina,Glynnwood,Completed,0218-0215
Aqua North Carolina,Goodwill Acres,Completed,0218-0216
Aqua North Carolina,Grayson Park,Completed,0218-0217
Aqua North Carolina,Graystone Forest,Completed,0218-0218
Aqua North Carolina,Green Acres,Completed,0218-0219
Aqua North Carolina,Green Heights,Completed,0218-0220
Aqua North Carolina,Green Meadows/Heather Acres,Completed,0218-0221
Aqua North Carolina,Green Pines,Completed,0218-0222
Aqua North Carolina,Green Road,Completed,0218-0223
Aqua North Carolina,Greenbriar,Completed,0218-0224
Aqua North Carolina,Greenfield - Catawba,Completed,0218-0226
Aqua North Carolina,Greenwood - Catawba,Completed,0218-0227
Aqua North Carolina,Greenwood - Surry,Completed,0218-0228
Aqua North Carolina,Greycliff,Completed,0218-0693
Aqua North Carolina,Greymoss/Fitzford,Completed,0218-0229
Aqua North Carolina,Greythorne,Completed,0218-0230
Aqua North Carolina,Grissom Farms,Completed,0218-0231
Aqua North Carolina,Hampton Park,Completed,0218-0232
Aqua North Carolina,Hampton Ridge,Completed,0218-0233
Aqua North Carolina,Hanover Downs,Completed,0218-0234
Aqua North Carolina,Happy Valley,Completed,0218-0235
Aqua North Carolina,Harbor Club,Completed,0218-0236
Aqua North Carolina,Harbor View,Completed,0218-0237
Aqua North Carolina,Hardscrabble,Completed,0218-0238
Aqua North Carolina,Harmony Glen,Completed,0218-0239
Aqua North Carolina,Hartman Farm,Completed,0218-0240
Aqua North Carolina,Hasentree West,Completed,0218-0694
Aqua North Carolina,Heartwood,Completed,0218-0242
Aqua North Carolina,Heather Downs,Completed,0218-0243
Aqua North Carolina,Heather Glen/Highland,Draft,0218-0244
Aqua North Carolina,Heatherstone West/Creekwood,Completed,0218-0245
Aqua North Carolina,Heatherstone/Johnston City,Completed,0218-0246
Aqua North Carolina,Helms,Completed,0218-0247
Aqua North Carolina,Henson Farms,Completed,0218-0248
Aqua North Carolina,Henson Forest,Completed,0218-0249
Aqua North Carolina,Heritage Spring Acres,Completed,0218-0251
Aqua North Carolina,Heritage West,Completed,0218-0252
Aqua North Carolina,Herman Acres,Completed,0218-0253
Aqua North Carolina,Heronwood/Windemere,Completed,0218-0254
Aqua North Carolina,Hickory Creek - Gaston,Completed,0218-0255
Aqua North Carolina,Hickory Creek - Surry,Completed,0218-0256
Aqua North Carolina,Hickory Ridge,Completed,0218-0257
Aqua North Carolina,Hidden Creek,Completed,0218-0258
Aqua North Carolina,High Grove,Completed,0218-0700
Aqua North Carolina,High Meadows,Completed,0218-0260
Aqua North Carolina,Hillcrest,Completed,0218-0261
Aqua North Carolina,Hillington West,Completed,0218-0262
Aqua North Carolina,Hillsboro,Completed,0218-0263
Aqua North Carolina,Holiday Hills,Completed,0218-0265
Aqua North Carolina,Holland Downs,Completed,0218-0266
Aqua North Carolina,Holland Ridge/Greenfield/Rand,Completed,0218-0267
Aqua North Carolina,"Hollows, The",Completed,0218-0268
Aqua North Carolina,Holly Hills - Catawba,Completed,0218-0269
Aqua North Carolina,Hollywood Acres,Draft,0218-0270
Aqua North Carolina,Homestead - Catawba,Completed,0218-0271
Aqua North Carolina,Homestead - Iredell,Completed,0218-0272
Aqua North Carolina,Homestead Park,Completed,0218-0273
Aqua North Carolina,Honeycutt Landing,Completed,0218-0701
Aqua North Carolina,Hopson Downs/McKenzie,Completed,0218-0274
Aqua North Carolina,Hovis Road,Completed,0218-0275
Aqua North Carolina,Hoyle's Creek,Completed,0218-0276
Aqua North Carolina,Hudson Meadows,Completed,0218-0277
Aqua North Carolina,Hunt Farms,Completed,0218-0278
Aqua North Carolina,Huntcliff,Completed,0218-0279
Aqua North Carolina,Huntdell,Completed,0218-0280
Aqua North Carolina,Hunter's Ridge,Completed,0218-0281
Aqua North Carolina,Hunting Creek,Completed,0218-0282
Aqua North Carolina,Hunting Ridge,Completed,0218-0283
Aqua North Carolina,Huntwood,Completed,0218-0284
Aqua North Carolina,Idlewild Park,Completed,0218-0285
Aqua North Carolina,Idlewood Acres,Completed,0218-0286
Aqua North Carolina,Inglewood,Completed,0218-0287
Aqua North Carolina,Irongate,Completed,0218-0288
Aqua North Carolina,Jacob's View,Completed,0218-0289
Aqua North Carolina,Jamestowne,Completed,0218-0290
Aqua North Carolina,Jamison Park,Completed,0218-0291
Aqua North Carolina,Janets Retreat,Completed,0218-0292
Aqua North Carolina,Jefferson Hill,Completed,0218-0293
Aqua North Carolina,Jones Dairy Farm/Clear Springs,Completed,0218-0294
Aqua North Carolina,Jordan Ridge,Completed,0218-0295
Aqua North Carolina,Keltic Meadows III,Completed,0218-0297
Aqua North Carolina,Kendale Woods,Completed,0218-0298
Aqua North Carolina,Kendall Hill Master,Completed,0218-0299
Aqua North Carolina,Kennebec Farms,Completed,0218-0300
Aqua North Carolina,KensingtonMeadows/Banks PNT,Completed,0218-0301
Aqua North Carolina,Kenwood Meadows,Completed,0218-0302
Aqua North Carolina,Kilt Valley,Completed,0218-0304
Aqua North Carolina,Kimberly Courts,Completed,0218-0305
Aqua North Carolina,Kings Acres,Completed,0218-0306
Aqua North Carolina,Kings Grant,Completed,0218-0307
Aqua North Carolina,Knob Creek,Completed,0218-0731
Aqua North Carolina,Knolls,Completed,0218-0308
Aqua North Carolina,Knollview,Completed,0218-0309
Aqua North Carolina,Knollwood,Completed,0218-0732
Aqua North Carolina,La Ventana,Completed,0218-0311
Aqua North Carolina,Lake Fall,Completed,0218-0312
Aqua North Carolina,Lake Ridge,Completed,0218-0313
Aqua North Carolina,Lake Springs,Completed,0218-0314
Aqua North Carolina,Lakeridge,Completed,0218-0315
Aqua North Carolina,Lakes of Rolesville,Completed,0218-0316
Aqua North Carolina,Lakewood,Completed,0218-0317
Aqua North Carolina,Lakewood Estates,Completed,0218-0318
Aqua North Carolina,Landsdown/Eastover,Completed,0218-0321
Aqua North Carolina,Langston Estates,Completed,0218-0322
Aqua North Carolina,Lassiter Farms,Completed,0218-0702
Aqua North Carolina,Laurel Acres,Completed,0218-0323
Aqua North Carolina,Laurel Grove,Completed,0218-0324
Aqua North Carolina,Laurel Woods,Completed,0218-0325
Aqua North Carolina,Lazy 5 MHP,Completed,0218-0714
Aqua North Carolina,Legacy @ 42,Completed,0218-0326
Aqua North Carolina,Legend Hills,Completed,0218-0327
Aqua North Carolina,Lennox Woods,Completed,0218-0328
Aqua North Carolina,Lincoln Estates,Completed,0218-0329
Aqua North Carolina,Linville Oaks,Completed,0218-0330
Aqua North Carolina,Linville River Farm,Completed,0218-0331
Aqua North Carolina,Little River Run,Completed,0218-0332
Aqua North Carolina,Long Shoals,Completed,0218-0333
Aqua North Carolina,Love Point,Completed,0218-0334
Aqua North Carolina,Lynmore,Completed,0218-0336
Aqua North Carolina,Lynnbank Estates,Completed,0218-0337
Aqua North Carolina,Lynnhaven/Englewood/Orchard Knoll,Completed,0218-0338
Aqua North Carolina,MacGregor Downes,Completed,0218-0339
Aqua North Carolina,Magnolia Springs/Southfork,Completed,0218-0340
Aqua North Carolina,Maiden Chapel Heights,Completed,0218-0341
Aqua North Carolina,Malibu Pointe/Monterey Landing,Completed,0218-0342
Aqua North Carolina,Mallard Crossing,Completed,0218-0343
Aqua North Carolina,Mallard Head,Completed,0218-0344
Aqua North Carolina,Mallard Head Condos,Completed,0218-0345
Aqua North Carolina,Mallards Crossing,Completed,0218-0346
Aqua North Carolina,Maplecrest,Completed,0218-0347
Aqua North Carolina,Mar-Lyn Forest,Completed,0218-0348
Aqua North Carolina,Masonwoods,Completed,0218-0349
Aqua North Carolina,Matherly,Completed,0218-0350
Aqua North Carolina,McConnell,Completed,0218-0352
Aqua North Carolina,Meadow Creek,Completed,0218-0353
Aqua North Carolina,Meadow Ridge - Guilford,Completed,0218-0354
Aqua North Carolina,Meadow Ridge - Wake,Completed,0218-0355
Aqua North Carolina,Meadow View Estates,Completed,0218-0356
Aqua North Carolina,Meadowbrook,Completed,0218-0357
Aqua North Carolina,Medfield Estates,Completed,0218-0358
Aqua North Carolina,Melbille Heights,Completed,0218-0359
Aqua North Carolina,Merion,Completed,0218-0360
Aqua North Carolina,Merriman Estates,Completed,0218-0361
Aqua North Carolina,Mial Plantation,Completed,0218-0362
Aqua North Carolina,Middle Creek Acres,Completed,0218-0363
Aqua North Carolina,Middle Creek Master/Willow Bluff,Completed,0218-0364
Aqua North Carolina,Middleton,Completed,0218-0365
Aqua North Carolina,Mikkola Downs,Completed,0218-0366
Aqua North Carolina,Mill Creek,Completed,0218-0367
Aqua North Carolina,Mill Creek Farms,Completed,0218-0003
Aqua North Carolina,Mill Race,Completed,0218-0368
Aqua North Carolina,Millstone,Completed,0218-0369
Aqua North Carolina,Milton Acres,Completed,0218-0370
Aqua North Carolina,Mineral Springs,Completed,0218-0371
Aqua North Carolina,Mitchell Bluff,Completed,0218-0372
Aqua North Carolina,Mobile Hill Estates,Completed,0218-0373
Aqua North Carolina,Mobile Hills Estates,Completed,0218-0374
Aqua North Carolina,Monticello,Completed,0218-0375
Aqua North Carolina,Monticello Estates,Completed,0218-0010
Aqua North Carolina,Moorefield,Completed,0218-0376
Aqua North Carolina,Morningside Park,Completed,0218-0377
Aqua North Carolina,Morris Grove,Completed,0218-0378
Aqua North Carolina,Moss Haven,Completed,0218-0379
Aqua North Carolina,Mount Vernon,Draft,0218-0385
Aqua North Carolina,Mountain Creek,Completed,0218-0380
Aqua North Carolina,Mountain Point,Completed,0218-0381
Aqua North Carolina,Mountain Ridge Estates,Completed,0218-0722
Aqua North Carolina,Mountain View,Completed,0218-0382
Aqua North Carolina,Mountain Vista @ Luther Cove,Completed,0218-0733
Aqua North Carolina,Mountainbrook,Completed,0218-0384
Aqua North Carolina,Murdock Road,Completed,0218-0386
Aqua North Carolina,Murray Hills,Completed,0218-0387
Aqua North Carolina,Myatt Mill/Bloomfield,Completed,0218-0388
Aqua North Carolina,Myrtlewood/Summercrest I & II,Completed,0218-0389
Aqua North Carolina,Nantucket Village,Completed,0218-0390
Aqua North Carolina,Neighbor's Walk,Completed,0218-0710
Aqua North Carolina,Neuse Colony,Completed,0218-0391
Aqua North Carolina,Neuse River MHP,Completed,0218-0392
Aqua North Carolina,New Chartwell,Completed,0218-0393
Aqua North Carolina,Northfield at Creekwood,Completed,0218-0395
Aqua North Carolina,Northgate,Completed,0218-0396
Aqua North Carolina,Northwood,Completed,0218-0397
Aqua North Carolina,Nottingham Forest/Sauls Ridge,Completed,0218-0399
Aqua North Carolina,Oak Chase,Completed,0218-0398
Aqua North Carolina,Oak Estates,Completed,0218-0400
Aqua North Carolina,Oak Hollow Estates,Completed,0218-0401
Aqua North Carolina,Oak Ridge Valley,Completed,0218-0402
Aqua North Carolina,Oakhill,Completed,0218-0403
Aqua North Carolina,Oakley Park,Completed,0218-0404
Aqua North Carolina,Oaklyn,Completed,0218-0405
Aqua North Carolina,Ogburn Farms,Completed,0218-0406
Aqua North Carolina,Old Farm,Completed,0218-0407
Aqua North Carolina,Old Farm Crossing,Completed,0218-0408
Aqua North Carolina,Old Providence,Completed,0218-0409
Aqua North Carolina,Old South Lane,Completed,0218-0410
Aqua North Carolina,Old Stage Place/Lane Ridge,Completed,0218-0411
Aqua North Carolina,Olde Beau,Completed,0218-0412
Aqua North Carolina,Olde Mills Lake,Completed,0218-0413
Aqua North Carolina,Olde South Trace,Completed,0218-0414
Aqua North Carolina,Ole Mill Stream,Completed,0218-0415
Aqua North Carolina,Oxford Park,Completed,0218-0417
Aqua North Carolina,Paceville,Completed,0218-0418
Aqua North Carolina,Paradise Point,Completed,0218-0420
Aqua North Carolina,Parker Falls Master,Completed,0218-0423
Aqua North Carolina,Parrish Meadows,Completed,0218-0425
Aqua North Carolina,Peabody Forest,Completed,0218-0426
Aqua North Carolina,Pearman Estates,Completed,0218-0428
Aqua North Carolina,Pebble Bay,Completed,0218-0429
Aqua North Carolina,Pebble Brook Acres,Completed,0218-0431
Aqua North Carolina,Penman Heights,Completed,0218-0430
Aqua North Carolina,Pepper Ridge,Completed,0218-0432
Aqua North Carolina,Pheasant Ridge,Completed,0218-0433
Aqua North Carolina,Phillips Landing,Completed,0218-0434
Aqua North Carolina,Piedmont Estates,Completed,0218-0435
Aqua North Carolina,Pine Burr,Completed,0218-0436
Aqua North Carolina,Pine Country,Completed,0218-0437
Aqua North Carolina,Pine Isle/North Shore,Completed,0218-0438
Aqua North Carolina,Pine Knolls,Completed,0218-0439
Aqua North Carolina,Pine Lakes,Completed,0218-0440
Aqua North Carolina,Pine Meadows,Completed,0218-0441
Aqua North Carolina,Pineview,Completed,0218-0442
Aqua North Carolina,Pinewood Acres,Completed,0218-0443
Aqua North Carolina,Pioneer Village,Completed,0218-0444
Aqua North Carolina,Pleasant Lanes Ext,Completed,0218-0445
Aqua North Carolina,Pointe Norman,Completed,0218-0446
Aqua North Carolina,Polk's Trail,Completed,0218-0447
Aqua North Carolina,Ponderosa - Catawba,Completed,0218-0448
Aqua North Carolina,Ponderosa - Wake,Completed,0218-0449
Aqua North Carolina,Pressley Acres,Completed,0218-0450
Aqua North Carolina,Prestige Heights,Completed,0218-0451
Aqua North Carolina,Providence North,Completed,0218-0453
Aqua North Carolina,Quail Meadows,Completed,0218-0454
Aqua North Carolina,Quail Oaks,Completed,0218-0455
Aqua North Carolina,Quail Ridge,Completed,0218-0456
Aqua North Carolina,Quail's Nest,Completed,0218-0457
Aqua North Carolina,Raintree/Tablerock,Completed,0218-0458
Aqua North Carolina,Rama Woods,Completed,0218-0459
Aqua North Carolina,Red Mountain,Completed,0218-0460
Aqua North Carolina,Reeves Woods,Completed,0218-0461
Aqua North Carolina,Regency Village,Completed,0218-0462
Aqua North Carolina,Remington Forest,Completed,0218-0463
Aqua North Carolina,Richwood Acres,Completed,0218-0464
Aqua North Carolina,Ridgebrook Bluffs/Westbury,Completed,0218-0465
Aqua North Carolina,Ridgecrest,Completed,0218-0466
Aqua North Carolina,Ridgehaven/Candlewick,Completed,0218-0467
Aqua North Carolina,Ridgeview,Completed,0218-0695
Aqua North Carolina,Ridgeview Park,Completed,0218-0469
Aqua North Carolina,Ridgeway Courts,Completed,0218-0470
Aqua North Carolina,Ridgewood,Completed,0218-0471
Aqua North Carolina,River Chase,Completed,0218-0472
Aqua North Carolina,River Lakes,Completed,0218-0474
Aqua North Carolina,River Meadows,Completed,0218-0475
Aqua North Carolina,River Oaks - Guilford,Completed,0218-0476
Aqua North Carolina,River Oaks - Wake,Completed,0218-0477
Aqua North Carolina,River Park,Completed,0218-0478
Aqua North Carolina,River Run,Completed,0218-0479
Aqua North Carolina,Riverside at Oak Ridge,Completed,0218-0720
Aqua North Carolina,Riverton Place,Completed,0218-0480
Aqua North Carolina,Riverview,Completed,0218-0481
Aqua North Carolina,Riverview Estates,Completed,0218-0482
Aqua North Carolina,Riverview North,Completed,0218-0483
Aqua North Carolina,Riverwood,Completed,0218-0484
Aqua North Carolina,Robinfield,Completed,0218-0485
Aqua North Carolina,Robinswood,Completed,0218-0487
Aqua North Carolina,Rock Creek,Completed,0218-0727
Aqua North Carolina,Rocky Ridge,Completed,0218-0486
Aqua North Carolina,Rolling Acres,Completed,0218-0488
Aqua North Carolina,Rolling Meadows,Completed,0218-0489
Aqua North Carolina,Rolling Ridge,Completed,0218-0490
Aqua North Carolina,Roseland Heights,Completed,0218-0491
Aqua North Carolina,Roundtree,Completed,0218-0492
Aqua North Carolina,Rowland Pond,Completed,0218-0494
Aqua North Carolina,Royal Acres,Completed,0218-0495
Aqua North Carolina,Royal Senter Ridge/Whitehart,Completed,0218-0497
Aqua North Carolina,Rustic Trails,Completed,0218-0498
Aqua North Carolina,Saddleridge/Sheldon/Roseington,Completed,0218-0499
Aqua North Carolina,Saddlerun/Stanstead/Sunset,Completed,0218-0500
Aqua North Carolina,Saint Andrews,Completed,0218-0502
Aqua North Carolina,Sanford's Creek,Completed,0218-0503
Aqua North Carolina,Sawyers Mill,Completed,0218-0505
Aqua North Carolina,Sedgefield,Completed,0218-0507
Aqua North Carolina,Sedgemoor/Ivory Hill/Highland,Completed,0218-0508
Aqua North Carolina,Settlers Creek,Completed,0218-0509
Aqua North Carolina,Shade Tree Acres,Completed,0218-0510
Aqua North Carolina,Shadow Lakes,Completed,0218-0511
Aqua North Carolina,Shadow Oaks I,Completed,0218-0512
Aqua North Carolina,Shadow Oaks II,Draft,0218-0513
Aqua North Carolina,Shangri-La,Completed,0218-0715
Aqua North Carolina,Sheffield Park,Completed,0218-0514
Aqua North Carolina,Shepherds Way,Completed,0218-0515
Aqua North Carolina,Sherwood Forest,Completed,0218-0516
Aqua North Carolina,Shiloh,Completed,0218-0517
Aqua North Carolina,Sisters Cove III,Completed,0218-0725
Aqua North Carolina,Skyland Drive,Completed,0218-0519
Aqua North Carolina,Smoke Ridge,Completed,0218-0520
Aqua North Carolina,Snow Creek,Completed,0218-0522
Aqua North Carolina,Snow Creek Heights,Completed,0218-0524
Aqua North Carolina,Snow Hill,Completed,0218-0525
Aqua North Carolina,South Forest/Brook Forest,Completed,0218-0526
Aqua North Carolina,South Fork,Completed,0218-0527
Aqua North Carolina,South Hill,Completed,0218-0528
Aqua North Carolina,South Hill Estates III,Completed,0218-0529
Aqua North Carolina,South Hills/South Hills IX,Completed,0218-0530
Aqua North Carolina,South Lake/Rustic Hills,Completed,0218-0531
Aqua North Carolina,South Mountain/Eagle Mountain,Completed,0218-0532
Aqua North Carolina,South Point Landing,Completed,0218-0534
Aqua North Carolina,South Ridge,Completed,0218-0535
Aqua North Carolina,Southampton,Completed,0218-0536
Aqua North Carolina,Southbourne/Rolling Hills,Completed,0218-0537
Aqua North Carolina,Southern Meadows,Completed,0218-0538
Aqua North Carolina,Southern Woods,Completed,0218-0539
Aqua North Carolina,Southfort,Completed,0218-0540
Aqua North Carolina,Southwood,Completed,0218-0542
Aqua North Carolina,Southwood/Cary Oaks/Surry Point,Completed,0218-0543
Aqua North Carolina,Southwyck,Completed,0218-0544
Aqua North Carolina,Spencer Forest,Completed,0218-0545
Aqua North Carolina,Spencer Road Acres,Completed,0218-0546
Aqua North Carolina,Spinnaker Bay Condos,Completed,0218-0547
Aqua North Carolina,Spring Haven,Completed,0218-0548
Aqua North Carolina,Spring Shores,Completed,0218-0549
Aqua North Carolina,Spring Valley,Completed,0218-0550
Aqua North Carolina,Spring Valley MH,Completed,0218-0551
Aqua North Carolina,Springdale,Completed,0218-0552
Aqua North Carolina,Springdale MH,Completed,0218-0553
Aqua North Carolina,Springfield,Completed,0218-0554
Aqua North Carolina,Springfield Estates,Completed,0218-0011
Aqua North Carolina,Sprinkle,Completed,0218-0555
Aqua North Carolina,Squire Estates,Completed,0218-0556
Aqua North Carolina,Staffordshire Estates,Completed,0218-0557
Aqua North Carolina,Stagecoach/Stephen's Pointe,Completed,0218-0558
Aqua North Carolina,Stallings Glen,Completed,0218-0559
Aqua North Carolina,Stanley Acres,Completed,0218-0560
Aqua North Carolina,Starmount Village,Completed,0218-0561
Aqua North Carolina,Starrland Park,Draft,0218-0562
Aqua North Carolina,State Road,Completed,0218-0563
Aqua North Carolina,Steeplechase,Completed,0218-0564
Aqua North Carolina,Stephanie Woods,Completed,0218-0565
Aqua North Carolina,Sterlingshire,Completed,0218-0566
Aqua North Carolina,Sterlingshire East,Completed,0218-0730
Aqua North Carolina,Steven's Oaks,Completed,0218-0567
Aqua North Carolina,Stonehenge/Wildwood/Brandon,Completed,0218-0568
Aqua North Carolina,Stoneridge/Sedgefield/Creekwood,Completed,0218-0569
Aqua North Carolina,Stoney Bend,Draft,0218-0570
Aqua North Carolina,Stoney Creek,Completed,0218-0696
Aqua North Carolina,Stoney Oaks,Completed,0218-0571
Aqua North Carolina,Stoney Point - Cumberland,Completed,0218-0004
Aqua North Carolina,Stoney Point - Forsyth,Draft,0218-0572
Aqua North Carolina,Stoneybrook Estates,Completed,0218-0574
Aqua North Carolina,Stonington,Completed,0218-0575
Aqua North Carolina,Sturbridge Village,Completed,0218-0577
Aqua North Carolina,Suburban Acres,Completed,0218-0578
Aqua North Carolina,Summer Ridge,Completed,0218-0579
Aqua North Carolina,Summerfield Farms,Completed,0218-0580
Aqua North Carolina,Summerfield Village,Completed,0218-0581
Aqua North Carolina,Sundown Cove,Completed,0218-0583
Aqua North Carolina,Sunset Bay,Completed,0218-0584
Aqua North Carolina,Sunset Hills,Completed,0218-0585
Aqua North Carolina,Sunset Park,Completed,0218-0586
Aqua North Carolina,Sweet Briar,Completed,0218-0587
Aqua North Carolina,Swift Creek/HallMark/Hollybrook,Completed,0218-0588
Aqua North Carolina,Tavernier,Completed,0218-0590
Aqua North Carolina,The Estates @ Oakridge Lake,Completed,0218-0592
Aqua North Carolina,The Landings,Completed,0218-0593
Aqua North Carolina,The Meadows,Completed,0218-0594
Aqua North Carolina,The Oaks of Hunter Hill,Completed,0218-0711
Aqua North Carolina,The Point,Completed,0218-0595
Aqua North Carolina,The Preserve @ Long Branch,Completed,0218-0596
Aqua North Carolina,The Summit @ Lake Norman,Completed,0218-0597
Aqua North Carolina,The Villas,Completed,0218-0698
Aqua North Carolina,The Vineyard,Completed,0218-0598
Aqua North Carolina,Thompson Mills/Waterfall,Completed,0218-0599
Aqua North Carolina,Thornburg,Completed,0218-0600
Aqua North Carolina,Timberbrook,Completed,0218-0601
Aqua North Carolina,Timberburg Hills,Completed,0218-0602
Aqua North Carolina,Timberlake - Person,Completed,0218-0603
Aqua North Carolina,Timberlake - Surry,Completed,0218-0604
Aqua North Carolina,Tradewinds,Completed,0218-0606
Aqua North Carolina,Tranquil Village,Completed,0218-0607
Aqua North Carolina,Trappers Creek,Completed,0218-0608
Aqua North Carolina,Triple Lakes,Completed,0218-0609
Aqua North Carolina,Tryon Youth Center,Completed,0218-0719
Aqua North Carolina,Turkey Pen Gap,Completed,0218-0610
Aqua North Carolina,Turner Farms 1& 2,Completed,0218-0611
Aqua North Carolina,Turner Farms 3&4,Completed,0218-0612
Aqua North Carolina,Turner Farms V/Shannondale,Completed,0218-0613
Aqua North Carolina,Tuxedo,Completed,0218-0614
Aqua North Carolina,Twelve Oaks,Completed,0218-0615
Aqua North Carolina,Twin Creeks,Completed,0218-0616
Aqua North Carolina,Twin Oaks,Completed,0218-0617
Aqua North Carolina,Tyler Farms,Completed,0218-0618
Aqua North Carolina,Tyndrum,Completed,0218-0619
Aqua North Carolina,Upchurch Farms,Completed,0218-0620
Aqua North Carolina,Valley Acres,Completed,0218-0621
Aqua North Carolina,Valley Woods MHP,Completed,0218-0623
Aqua North Carolina,Valleydale,Completed,0218-0624
Aqua North Carolina,Vintage Acres,Completed,0218-0704
Aqua North Carolina,Wakefield Farms,Completed,0218-0625
Aqua North Carolina,Walker Estates,Completed,0218-0012
Aqua North Carolina,Walker Heights,Completed,0218-0626
Aqua North Carolina,Walnut Tree,Completed,0218-0627
Aqua North Carolina,Watts,Completed,0218-0628
Aqua North Carolina,Weatherburn Woods,Completed,0218-0629
Aqua North Carolina,Weatherstone - Cabarrus,Completed,0218-0631
Aqua North Carolina,Weatherstone - Guilford,Completed,0218-0630
Aqua North Carolina,Wedgewood,Completed,0218-0632
Aqua North Carolina,Wedgewood Square/Crooked Brk,Completed,0218-0633
Aqua North Carolina,Weekend Retreat/Southern Oaks,Completed,0218-0634
Aqua North Carolina,Wellington (Bevill Lakes Farm),Completed,0218-0635
Aqua North Carolina,Wesley Acres,Completed,0218-0636
Aqua North Carolina,Wesley Woods,Completed,0218-0637
Aqua North Carolina,West Oaks/Springfield North,Completed,0218-0638
Aqua North Carolina,Westcliff,Completed,0218-0639
Aqua North Carolina,Westerly Hills,Completed,0218-0640
Aqua North Carolina,Westhaven MHP,Completed,0218-0641
Aqua North Carolina,Westover,Completed,0218-0642
Aqua North Carolina,Westridge,Completed,0218-0643
Aqua North Carolina,Westside Hills,Completed,0218-0644
Aqua North Carolina,Westwood MHP,Completed,0218-0645
Aqua North Carolina,Wexford,Completed,0218-0646
Aqua North Carolina,Whispering Pines,Completed,0218-0647
Aqua North Carolina,White Oak,Completed,0218-0648
Aqua North Carolina,Whitecroft Manor,Completed,0218-0707
Aqua North Carolina,Whitetail Farm,Completed,0218-0649
Aqua North Carolina,Whittingham/Holland Meadows,Completed,0218-0650
Aqua North Carolina,Wild Wing,Completed,0218-0651
Aqua North Carolina,Wildcat Creek,Completed,0218-0652
Aqua North Carolina,Wilders Ridge/Highland Trails,Completed,0218-0653
Aqua North Carolina,Williard Oaks,Completed,0218-0654
Aqua North Carolina,Willow Bluffs V,Completed,0218-0655
Aqua North Carolina,Willow Creek - Stokes,Completed,0218-0657
Aqua North Carolina,Willow Creek - Wake,Completed,0218-0656
Aqua North Carolina,Willow Hill,Completed,0218-0658
Aqua North Carolina,Willow Oaks,Completed,0218-0659
Aqua North Carolina,Willow Winds,Completed,0218-0660
Aqua North Carolina,Wilson Farms,Completed,0218-0662
Aqua North Carolina,Wilson Heights,Completed,0218-0663
Aqua North Carolina,Wimbledon,Completed,0218-0726
Aqua North Carolina,Windemere,Completed,0218-0664
Aqua North Carolina,Windgate,Completed,0218-0665
Aqua North Carolina,Windhaven,Completed,0218-0666
Aqua North Carolina,Winding Forest,Completed,0218-0667
Aqua North Carolina,Windmill Ridge,Completed,0218-0668
Aqua North Carolina,Windwood Acres,Completed,0218-0670
Aqua North Carolina,Winningfield,Completed,0218-0671
Aqua North Carolina,Woodbridge - Chatham,Completed,0218-0672
Aqua North Carolina,Woodbridge - Surry,Completed,0218-0673
Aqua North Carolina,Woodbrook,Completed,0218-0674
Aqua North Carolina,Woodcreek,Completed,0218-0675
Aqua North Carolina,Woodford,Completed,0218-0709
Aqua North Carolina,Woodland Bay,Completed,0218-0677
Aqua North Carolina,Woodland Hills Section 10,Completed,0218-0678
Aqua North Carolina,Woodland Oaks,Completed,0218-0716
Aqua North Carolina,Woodlawn Heights,Completed,0218-0679
Aqua North Carolina,Woodleigh,Completed,0218-0680
Aqua North Carolina,Woodridge,Completed,0218-0681
Aqua North Carolina,Woods of Ashbury,Completed,0218-0682
Aqua North Carolina,Woodscreek,Completed,0218-0683
Aqua North Carolina,Woodsprings/Kings Crest,Completed,0218-0684
Aqua North Carolina,Woodway/Penwyck,Completed,0218-0685
Aqua North Carolina,Worthington,Completed,0218-0686
Aqua North Carolina,Wright/Beaver Road,Completed,0218-0687
Aqua North Carolina,Wrightsboro,Completed,0218-0008
Aqua North Carolina,Wynstone,Completed,0218-0688
Aqua North Carolina,Wyntree,Completed,0218-0689
Aqua North Carolina,Yates Mill Run,Completed,0218-0690
Aqua North Carolina,Yorkwood Park,Completed,0218-0691
Arauco Panels USA LLC,Moncure Division,Completed,0385-0001
Archer Daniels Midland Company,Southport Plant 789,Completed,0009-0001
Avery Development,Mountain Glen Golf Course,Completed,0723-0001
B.V. Hedrick Gravel And Sand Co.,Grove Stone and Sand,Completed,0420-0001
B.V. Hedrick Gravel And Sand Co.,Hedrick Mine,Completed,0420-0003
B.V. Hedrick Gravel And Sand Co.,Lake Norman Quarry,Completed,0420-0004
B.V. Hedrick Gravel And Sand Co.,North Buncombe Quarry,Completed,0420-0002
Bald Head Island Club,Bald Head Island Club,Completed,0608-0001
Balsam Mountain Preserve,Balsam Mountain Preserve,Completed,0800-0001
Baxter Healthcare Corporation,Baxter North Cove Facility,Completed,0249-0001
"Bear Garden, Inc.",Pitts Chapel Sand Mine #2,Completed,0830-0001
Beasley Partnership,Beasley Farm,Completed,0015-0004
Beasley Partnership,Cowan Farm,Completed,0015-0005
Beasley Partnership,Liberty Hill,Completed,0015-0011
Beasley Partnership,Oakland Farm,Completed,0015-0001
Beasley Partnership,Powell Farm,Completed,0015-0010
Beasley Partnership,Pruden Farm,Completed,0015-0009
Beasley Partnership,Quarter Farm,Completed,0015-0003
Beasley Partnership,Sharp Farm,Completed,0015-0008
Beasley Partnership,Williams Farms,Completed,0015-0007
Beech Mountain Club,Beech Mountain Club,Completed,0766-0001
Ben Copeland Jr.,SuperSod,Completed,0846-0001
Bentwinds Country Club,Bentwinds Country Club,Completed,0749-0001
Benvenue Country Club,Benvenue Country Club,Completed,0682-0001
Bermuda Run Country Club,Bermuda Run Country Club,Completed,0810-0001
Biltmore Forest Country Club,Biltmore Forest Country Club,Completed,0030-0001
"Birchwood Farms, Inc.",Cypress Lakes Golf Course,Completed,0615-0001
Bissell Companies,Ballantyne Resort,Completed,0700-0001
Black Mountain Golf Course,Black Mountain Golf Course,Draft,0717-0001
Blowing Rock Country Club,Blowing Rock Country Club,Completed,0403-0001
"Blue Ridge Paper Products, Inc.",Canton Mill,Completed,0350-0001
Blue Ridge Tissue Corp,Blue Ridge Tissue Corp - Patterson Mill,Completed,0786-0001
Blue Water Sand and Gravel Inc.,Mill Creek Mine,Completed,0864-0001
"Bluegreen, Inc.",Carolina National Golf Club,Completed,0696-0001
Blythe Development,The Palisades Country Club,Completed,0641-0001
Bonney Bright Sand Company,Currituck County Mine,Completed,0788-0002
Bonney Bright Sand Company,Meiggs Tract,Completed,0788-0001
"Brevofield Golf Links, Inc.","Brevofield Golf Links, Inc.",Completed,0651-0001
"Bright's Creek Holdings, LLC",Bright's Creek Golf Club,Completed,0650-0001
"Brinkley Farms, Inc.",Baughan Farm,Completed,0104-0001
"Brinkley Farms, Inc.","Brinkley Farms, Inc.",Completed,0104-0008
"Brinkley Farms, Inc.",CJ Farm,Completed,0104-0002
"Brinkley Farms, Inc.",Daniels Farm,Completed,0104-0003
"Brinkley Farms, Inc.",Hill Farm,Completed,0104-0004
"Brinkley Farms, Inc.",Jilcott Farm,Completed,0104-0007
"Brinkley Farms, Inc.",Marmaduke Farm,Completed,0104-0005
"Brinkley Farms, Inc.",Mitchell Farm,Completed,0104-0006
Broadmoor Golf Links,Broadmoor Golf Links,Completed,0718-0001
Brookfield Smoky Mountain Hydropower,Cheoah Powerhouse,Completed,0824-0002
Brookfield Smoky Mountain Hydropower,Santeetlah Powerhouse,Completed,0824-0001
"Bryant Bros., Inc.","C&S Planting Co.,LLC",Completed,0372-0001
Buck Creek Trout Farm,Buck Creek Trout Farm,Completed,0241-0001
"Burlingame Country Club, Inc.","Burlingame Country Club, Inc.",Completed,0695-0001
Cabarrus Country Club,Cabarrus Country Club,Completed,0672-0001
Campbell University,Keith Hills Country Club,Completed,0785-0001
Cantrell Creek Trout Farm,Cantrell Creek Trout Farm,Completed,0224-0001
Capital Power Corp. NC,Capital Power Corp. - Southport Facility,Completed,0056-0001
Carmel Country Club Inc.,Carmel Country Club Inc.,Completed,0039-0001
"Carolina Golf Club, Inc.","Carolina Golf Club, Inc.",Completed,0637-0001
Carolina Sunrock LLC,Prospect Hill Quarry and Distribution Center,Completed,0866-0001
Carolina Turf Farms,Carolina Turf Farm - Raeford,Completed,0638-0002
"Carolina Water Service, Inc. of NC",Abington,Completed,0378-0093
"Carolina Water Service, Inc. of NC",Amber Acres,Completed,0378-0003
"Carolina Water Service, Inc. of NC",Amber Acres North,Completed,0378-0029
"Carolina Water Service, Inc. of NC",Amber Ridge,Completed,0378-0099
"Carolina Water Service, Inc. of NC",Amherst (Nero),Completed,0378-0100
"Carolina Water Service, Inc. of NC",Ashley Hills North,Completed,0378-0030
"Carolina Water Service, Inc. of NC",Bahia Bay,Completed,0378-0076
"Carolina Water Service, Inc. of NC",Bear Paw,Completed,0378-0026
"Carolina Water Service, Inc. of NC",Beechbrook,Completed,0378-0077
"Carolina Water Service, Inc. of NC",Bent Creek,Completed,0378-0024
"Carolina Water Service, Inc. of NC",Buffalo Creek,Completed,0378-0041
"Carolina Water Service, Inc. of NC",Chapel Hills,Completed,0378-0018
"Carolina Water Service, Inc. of NC",College Park,Completed,0378-0078
"Carolina Water Service, Inc. of NC",Country Club Annex,Completed,0378-0086
"Carolina Water Service, Inc. of NC",Country Crossing,Completed,0378-0032
"Carolina Water Service, Inc. of NC",Country Hills,Completed,0378-0079
"Carolina Water Service, Inc. of NC",Crestview Estates,Completed,0378-0022
"Carolina Water Service, Inc. of NC",Crystal Mountain,Completed,0378-0021
"Carolina Water Service, Inc. of NC","CWS Systems, INC. - Treasure Cove P.W.S.",Completed,0378-0094
"Carolina Water Service, Inc. of NC",Eagles Crossing,Completed,0378-0101
"Carolina Water Service, Inc. of NC",Eastwood Forest,Completed,0378-0080
"Carolina Water Service, Inc. of NC",Elk River,Completed,0378-0011
"Carolina Water Service, Inc. of NC",Fairfield Apple Valley,Completed,0378-0009
"Carolina Water Service, Inc. of NC",Fairfield Mountain,Completed,0378-0010
"Carolina Water Service, Inc. of NC",Forest Hills,Completed,0378-0023
"Carolina Water Service, Inc. of NC",Forestbrook,Completed,0378-0083
"Carolina Water Service, Inc. of NC",Grandview,Completed,0378-0087
"Carolina Water Service, Inc. of NC",Harbor House,Completed,0378-0084
"Carolina Water Service, Inc. of NC",Heather Glen,Completed,0378-0038
"Carolina Water Service, Inc. of NC",Heathfield,Completed,0378-0106
"Carolina Water Service, Inc. of NC",Hidden Hollow,Completed,0378-0043
"Carolina Water Service, Inc. of NC",High Meadows,Completed,0378-0092
"Carolina Water Service, Inc. of NC",High Meadows - Redbird Lane,Completed,0378-0088
"Carolina Water Service, Inc. of NC",Holly Acres,Completed,0378-0067
"Carolina Water Service, Inc. of NC",Hound Ears,Completed,0378-0004
"Carolina Water Service, Inc. of NC",Huntington Forest,Completed,0378-0068
"Carolina Water Service, Inc. of NC",Jordan Woods,Completed,0378-0037
"Carolina Water Service, Inc. of NC",Kings Grant,Completed,0378-0069
"Carolina Water Service, Inc. of NC",Larkhaven,Completed,0378-0107
"Carolina Water Service, Inc. of NC",Lindsey Point,Completed,0378-0044
"Carolina Water Service, Inc. of NC",Linville Ridge,Completed,0378-0110
"Carolina Water Service, Inc. of NC",Mason Landing,Completed,0378-0109
"Carolina Water Service, Inc. of NC",Meadow Glen,Completed,0378-0102
"Carolina Water Service, Inc. of NC",Misty Mountain,Completed,0378-0085
"Carolina Water Service, Inc. of NC",Monterey,Completed,0378-0103
"Carolina Water Service, Inc. of NC",Mountain Harbor,Completed,0378-0111
"Carolina Water Service, Inc. of NC",MT. Mitchell Lands/West,Completed,0378-0012
"Carolina Water Service, Inc. of NC",Neuse Woods,Completed,0378-0036
"Carolina Water Service, Inc. of NC",Oakdale,Completed,0378-0071
"Carolina Water Service, Inc. of NC",Oakes Plantation (CWS),Completed,0378-0034
"Carolina Water Service, Inc. of NC",Olde Point,Completed,0378-0065
"Carolina Water Service, Inc. of NC",Ole Lamp Place,Completed,0378-0072
"Carolina Water Service, Inc. of NC",Pinnacle Shores,Completed,0378-0074
"Carolina Water Service, Inc. of NC",Powder Horn,Completed,0378-0019
"Carolina Water Service, Inc. of NC",Quail Ridge,Completed,0378-0053
"Carolina Water Service, Inc. of NC",Queens Harbor,Completed,0378-0075
"Carolina Water Service, Inc. of NC",Ransdell Forest,Completed,0378-0039
"Carolina Water Service, Inc. of NC",Riverwood,Completed,0378-0042
"Carolina Water Service, Inc. of NC",Rutledge Landing,Completed,0378-0104
"Carolina Water Service, Inc. of NC",Saddlewood,Completed,0378-0066
"Carolina Water Service, Inc. of NC",Sandy Trail,Completed,0378-0031
"Carolina Water Service, Inc. of NC",Sherwood Forest,Completed,0378-0008
"Carolina Water Service, Inc. of NC",Sherwood Park,Completed,0378-0052
"Carolina Water Service, Inc. of NC",Ski Country,Completed,0378-0017
"Carolina Water Service, Inc. of NC",Ski Mountain,Completed,0378-0020
"Carolina Water Service, Inc. of NC",Stewarts Ridge,Completed,0378-0035
"Carolina Water Service, Inc. of NC",Stone Hollow,Completed,0378-0059
"Carolina Water Service, Inc. of NC",Suburban Heights,Completed,0378-0060
"Carolina Water Service, Inc. of NC",Tanglewood Estates,Completed,0378-0057
"Carolina Water Service, Inc. of NC",Tuckahoe,Completed,0378-0033
"Carolina Water Service, Inc. of NC",Watauga Vista,Completed,0378-0027
"Carolina Water Service, Inc. of NC",Waterglyn,Completed,0378-0028
"Carolina Water Service, Inc. of NC",Westwood Forest,Completed,0378-0061
"Carolina Water Service, Inc. of NC",Wilders Village,Completed,0378-0040
"Carolina Water Service, Inc. of NC",Wildlife Bay,Completed,0378-0108
"Carolina Water Service, Inc. of NC",Wildwood Green,Completed,0378-0062
"Carolina Water Service, Inc. of NC",Wolf Laurel,Completed,0378-0005
"Carolina Water Service, Inc. of NC",Woodhaven,Completed,0378-0025
"Carolina Water Service, Inc. of NC",Woodtrace,Completed,0378-0046
Castle & Cooke,The Club at Irish Creek,Completed,0774-0001
Catawba Country Club,Catawba Country Club,Completed,0623-0001
Caw Caw Land Corp.,Brunswick Plantation Golf Resort,Completed,0674-0001
"Cedarbrook Country Club, Inc.","Cedarbrook Country Club, Inc.",Completed,0639-0001
CertainTeed Gypsum NC,CertainTeed Gypsum Roxboro Plant,Completed,0819-0001
City of Monroe,Monroe Country Club,Completed,0746-0001
Clariant Corporation,Mt. Holly Plant,Completed,0353-0001
Clay County,Chatuge Shores Golf Course,Completed,0676-0001
Club Corp Of North Carolina,Currituck Club,Completed,0411-0005
Club Corp Of North Carolina,Nags Head Golf Links,Completed,0411-0002
Club Corp Of North Carolina,Neuse Golf Club,Completed,0411-0001
Coats American,Sevier Finishing Plant,Completed,0045-0001
Coharie Country Club,Coharie Country Club,Completed,0771-0001
Colonial Country Club,Colonial Country Club,Completed,0736-0001
"Colvard Farms Development Company, Llc",Colvard Farms,Completed,0427-0001
Connestee Falls Property Owners Assoc. Inc.,Connestee Falls Property Owners Assoc. Inc.,Draft,0014-0001
Consolidated Diesel Company,Consolidated Diesel Company,Completed,0609-0002
Corning Incorporated,Corning - Wilmington Plant,Completed,0779-0001
"Country Club of Asheville, Inc.","Country Club of Asheville, Inc.",Completed,0680-0001
Country Club of Landfall,Country Club of Landfall,Completed,0664-0001
Covia Holdings Corp.,Marston Facility,Completed,0194-0004
Cowans Ford Country Club,Cowans Ford Country Club,Completed,0223-0001
Cramer Mountain Country Club,Cramer Mountain Country Club,Completed,0657-0001
Croasdaile Country Club,Croasdaile Country Club,Completed,0419-0001
Cube Hydro Carolinas,Falls Powerhouse,Completed,0187-0006
Cube Hydro Carolinas,High Rock Powerhouse,Completed,0187-0003
Cube Hydro Carolinas,Narrows Powerhouse,Completed,0187-0005
Cube Hydro Carolinas,Tuckertown Powerhouse,Completed,0187-0004
Cullasaja Club,Cullasaja Club,Completed,0743-0001
Cumberland Gravel & Sand,Green River Quarrry,Draft,0782-0002
Cumberland Gravel & Sand,South McDowell Quarry,Completed,0782-0001
Daniel Clay Cartwright,"Countryscapes, LLC",Completed,0849-0001
"David Parks/Parks Land Development, Inc.",The Parks Pit,Completed,0829-0001
"Deck's Meadowbrook Golf Course, Inc.",Meadowbrook Golf Course,Completed,0698-0001
Deep Springs Country Club,Deep Springs Country Club,Draft,0745-0001
Deer Brook Golf Club,Deer Brook Golf Club,Completed,0663-0001
Diamond Creek Golf Club,Diamond Creek Golf Club,Completed,0767-0001
DL Minerals,Bluberry Land Sand Mine,Completed,0833-0001
Duck Woods Country Club,Duck Woods Country Club,Completed,0061-0001
"Duke Energy Progress, LLC",Allen Steam Station,Completed,0057-0004
"Duke Energy Progress, LLC",Asheville Steam Electric Plant (French Broad),Completed,0033-0002
"Duke Energy Progress, LLC",Asheville Steam Electric Plant (Lake Julian),Completed,0033-0016
"Duke Energy Progress, LLC",Bear Creek Hydro-electric Facility,Completed,0057-0003
"Duke Energy Progress, LLC",Belews Creek Steam Station,Completed,0057-0013
"Duke Energy Progress, LLC",Bridgewater Hydro Facility,Completed,0057-0015
"Duke Energy Progress, LLC",Brunswick Steam Electric Plant,Completed,0033-0001
"Duke Energy Progress, LLC",Buck Combined Cycle Station,Completed,0057-0021
"Duke Energy Progress, LLC",Cape Fear Steam Electric Plant,Completed,0033-0004
"Duke Energy Progress, LLC",Cedar Cliff Hydro-electric Facility,Completed,0057-0005
"Duke Energy Progress, LLC",Cliffside Steam Station,Completed,0057-0002
"Duke Energy Progress, LLC",Dan River Combined Cycle Station,Completed,0057-0022
"Duke Energy Progress, LLC",Harris Nuclear Plant,Completed,0033-0011
"Duke Energy Progress, LLC",Lincoln Combustion Turbine Station,Completed,0057-0014
"Duke Energy Progress, LLC",Line 446 Hrdrostatic Testing,Completed,0057-0024
"Duke Energy Progress, LLC",Line 451 Hydrostatic Testing,Completed,0057-0023
"Duke Energy Progress, LLC",Marshall Steam Station,Completed,0057-0001
"Duke Energy Progress, LLC",Mayo Electric Generating Plant,Completed,0033-0009
"Duke Energy Progress, LLC",McGuire Nuclear Station,Completed,0057-0008
"Duke Energy Progress, LLC",Mountain Island Hydro,Completed,0057-0019
"Duke Energy Progress, LLC",Nantahala Hydro-electric Facility,Completed,0057-0016
"Duke Energy Progress, LLC",Queens Creek Hydro-electric Facility,Completed,0057-0009
"Duke Energy Progress, LLC",Riverbend Steam Station,Completed,0057-0006
"Duke Energy Progress, LLC",Roxboro Steam Electric Plant,Completed,0033-0008
"Duke Energy Progress, LLC",Sutton Steam Electric Plant,Completed,0033-0007
"Duke Energy Progress, LLC",Tennessee Creek Hydro-electric Facility,Completed,0057-0018
"Duke Energy Progress, LLC",Thorpe Hydro-electric Facility,Completed,0057-0017
"Duke Energy Progress, LLC",Tuckasegee Hydro-electric Facility,Completed,0057-0012
"Duke Energy Progress, LLC",Tuxedo Hydro-electric Facility,Completed,0057-0007
"Duke Energy Progress, LLC",Walters Hydroelectric Plant,Completed,0033-0003
"Duke Energy Progress, LLC",Weatherspoon Steam Electric Power Plant,Completed,0033-0010
Eagle Chase Golf Club,Eagle Chase Golf Club,Completed,0660-0001
Eagle Point Golf Club,Eagle Point Golf Club,Completed,0739-0001
Ed Rodgers,Jefferson Landing Golf Club,Completed,0737-0001
Elementis Chromium L.P.,Elementis Chromium Castle Hayne Plant,Completed,0141-0001
Elk River Club,Elk River Club,Completed,0724-0001
Elkay Manufacturing,Elkay Plumbing Products Company,Completed,0818-0001
Fairfield Mountains POA,Rumbling Bald Resort,Completed,0277-0001
Flowe Farms 2 LLC,Flowe Farms 2 LLC,Completed,0838-0001
Forest Creek Development,Forest Creek Golf Club (North Course),Completed,0712-0001
Forest Creek Development,Forest Creek Golf Club (South Course),Completed,0712-0002
Forsyth County,Tanglewood Park,Completed,0019-0001
"Fox Den Country Club, LLC","Fox Den Country Club, LLC",Completed,0692-0001
"Franklin A. Brown, Jr./Brown's Land Developing, In",Joe Towe White Sand Mine,Completed,0827-0002
G.R. Laschober,Cooper  Creek Trout Farm,Completed,0323-0004
"G.S. Materials, Inc.",Emery Pit,Completed,0790-0002
"G.S. Materials, Inc.",Hall Rackley & Cameron Pits,Completed,0790-0001
Gaston Country Club,Gaston Country Club,Completed,0673-0001
General Electric Company,GE Wilmington,Completed,0296-0001
"George Clay Cowand, Jr.",Copperneck Sand Hole Mine,Completed,0851-0002
"George Clay Cowand, Jr.",Wildcat Road Mine,Completed,0851-0001
Georgia Pacific,"Lumberton Cellulose, LLC",Completed,0834-0001
Glady Fork Trout Farm and Hatchery LLC,Glady Fork Trout Hatchery,Completed,0715-0001
"Glen Oaks Golf Club, Inc.",Glen Oaks Golf Club,Completed,0604-0001
Governors Club,Governors Club,Completed,0787-0001
Grandfather Golf and Country Club,Grandfather Golf and Country Club,Completed,0617-0001
Grassy Creek Golf Course,Grassy Creek Golf Course,Completed,0753-0001
Greensboro,Bryan Park Golf Course,Completed,0042-0001
Greensboro Country Club,Greensboro Country Club Farm Course,Completed,0018-0002
Greensboro Country Club,Greensboro Country Club Irving Park Course,Completed,0018-0001
Griffin Brothers,Pine Island Country Club,Completed,0768-0001
H. Edward Knox,Verdict Ridge Country Club,Completed,0027-0001
Hainoa LLC DBA,Dormie Club,Completed,0765-0001
"Hanson Aggregates Southeast, LLC",Crabtree  Quarry,Completed,0340-0011
"Hanson Aggregates Southeast, LLC",Elliot Sand & Gravel,Completed,0340-0007
"Hanson Aggregates Southeast, LLC",Gardner Quarry,Completed,0340-0016
"Hanson Aggregates Southeast, LLC",Holly Springs Quarry,Completed,0340-0010
"Hanson Aggregates Southeast, LLC",Princeton Quarry,Completed,0340-0009
"Hanson Aggregates Southeast, LLC",Raleigh Quarry,Completed,0340-0012
"Hanson Aggregates Southeast, LLC",Rougemont Quarry,Completed,0340-0003
Harrison Construction Company,Cherokee County Quarry,Completed,0371-0005
Harrison Construction Company,Dillsboro Quarry,Completed,0371-0002
Harrison Construction Company,Franklin Quarry,Completed,0371-0003
Harrison Construction Company,Hayesville Quarry,Completed,0371-0004
Harrison Construction Company,Massey Branch Quarry,Completed,0371-0007
Harrison Construction Company,Mission Quarry,Completed,0371-0006
Harrison Construction Company,Waynesville Quarry,Completed,0371-0001
Hedrick Industries,Aquadale Plant,Completed,0356-0003
Hedrick Industries,Norman Sand Company,Completed,0356-0004
"Heritage Club Properties, LLC",The Heritage Club,Completed,0707-0001
Heritage Golf Group,TPC Piper Glen,Completed,0727-0001
High Point Country Club,Willow Creek Golf Club,Completed,0236-0001
Highland Country Club,Highland Country Club,Completed,0646-0001
Highlands Country Club,Highlands Country Club,Completed,0632-0001
Highlands Falls Country Club,Highlands Falls Country Club,Completed,0805-0001
"HOM Development, LLC",Wilbur Griggs Mine,Completed,0852-0001
"Hound and Ears Club, Inc.","Hound and Ears Club, Inc.",Completed,0636-0001
HPB Enterprises,The Sound Golf Link @ Albemarle Plantation,Completed,0620-0001
Imerys Mica Kings Mountain,Moss Plant,Completed,0863-0001
International Paper,Riegelwood Mill,Completed,0066-0001
International Textile Group,Cone Denim LLC-White Oak Plant,Completed,0854-0001
Invista Sarl,Invista Sarl,Completed,0358-0002
IRI Golf Group,Highland Creek Golf Course,Completed,0041-0002
Jackson Farming Company,Jackson Farming Company,Completed,0683-0001
Jackson Paper Manufacturing Company,Jackson Paper Manufacturing Company,Completed,0670-0001
Jamestown,Jamestown Park Golf Course,Completed,0011-0001
"Jeffrey A. Newbern, Sr.",Green Acres Land Development Sand Mine,Completed,0826-0001
Joey Byrum/Joe Carrell Byrum III,Byrum Farms Inc.,Completed,0868-0001
"Johnston Rural Recreation, Inc.",Cardinal Country Club,Completed,0618-0001
Keith Hall,Pointe Golf Club,Completed,0630-0002
Keith Hall,The Carolina Club,Completed,0630-0001
Kenmure Country Club,Kenmure Golf Course,Completed,0351-0001
Kilmarlic Golf Club,Kilmarlic Golf Club,Completed,0757-0001
Lake Hickory Country Club,Lake Hickory CC - Catawba Springs Course,Completed,0689-0001
Lake Hickory Country Club,Lake Hickory CC - Town Course,Completed,0689-0002
Lakewood Golf Club,Lakewood Golf Club,Completed,0708-0001
Latex Const. Co. for Dominion Energy,DENC T-030 Extension Pipeline,Completed,0871-0001
Laurel Ridge Country Club,Laurel Ridge Country Club,Completed,0777-0001
"Leisure Investments of NC, Inc.",Oak Island Golf Club,Completed,0690-0001
"Lincoln Country Club, Inc.","Lincoln Country Club, Inc.",Completed,0635-0001
"Linville Resorts, Inc.",Linville Golf Club,Draft,0629-0001
Linville Ridge Country Club,Linville Ridge Country Club,Completed,0693-0001
"Lockwood Folly Country Club, Inc.","Lockwood Folly Country Club, Inc.",Completed,0677-0001
Lousiana Pacific Corporation,Lousiana Pacific Corporation,Completed,0001-0001
Mallard Head Country Club,Resort Prop. Inc (DBA) Mallard Head C.C.,Completed,0619-0001
"Marion Lake Club, Inc. LLC","Marion Lake Club, Inc. LLC",Completed,0704-0001
"Martin Marietta Materials, Inc.",American Stone,Completed,0219-0001
"Martin Marietta Materials, Inc.",Arrowood Quarry,Completed,0219-0008
"Martin Marietta Materials, Inc.",Asheboro Quarry,Completed,0219-0009
"Martin Marietta Materials, Inc.",Bakers Quarry,Completed,0219-0010
"Martin Marietta Materials, Inc.",Benson Quarry,Completed,0219-0033
"Martin Marietta Materials, Inc.",Bessemer City Quarry,Completed,0219-0011
"Martin Marietta Materials, Inc.",Black Ankle Quarry,Completed,0219-0004
"Martin Marietta Materials, Inc.",Bonds Quarry,Completed,0219-0012
"Martin Marietta Materials, Inc.",Buchanan/Central Rock Quarry,Completed,0219-0034
"Martin Marietta Materials, Inc.",Burlington Quarry,Completed,0219-0035
"Martin Marietta Materials, Inc.",Caldwell Quarry,Completed,0219-0013
"Martin Marietta Materials, Inc.",Castle Hayne Quarry,Completed,0219-0003
"Martin Marietta Materials, Inc.",Charlotte Quarry,Completed,0219-0014
"Martin Marietta Materials, Inc.",Cumberland Quarry,Completed,0219-0006
"Martin Marietta Materials, Inc.",Denver Quarry,Completed,0219-0015
"Martin Marietta Materials, Inc.",East Alamance,Completed,0219-0007
"Martin Marietta Materials, Inc.",Franklin Quarry,Completed,0219-0038
"Martin Marietta Materials, Inc.",Fuquay Quarry,Completed,0219-0039
"Martin Marietta Materials, Inc.",Garner Quarry,Completed,0219-0040
"Martin Marietta Materials, Inc.",Haw River Quarry,Completed,0219-0041
"Martin Marietta Materials, Inc.",Hickory Quarry,Completed,0219-0024
"Martin Marietta Materials, Inc.",Hicone Quarry,Completed,0219-0042
"Martin Marietta Materials, Inc.",Jamestown Quarry,Completed,0219-0026
"Martin Marietta Materials, Inc.",Kannapolis Quarry,Completed,0219-0027
"Martin Marietta Materials, Inc.",Kings Mountain Quarry,Completed,0219-0028
"Martin Marietta Materials, Inc.",Lemon Springs Quarry,Completed,0219-0043
"Martin Marietta Materials, Inc.",Maiden Quarry,Completed,0219-0029
"Martin Marietta Materials, Inc.",Mallard Creek Quarry,Completed,0219-0030
"Martin Marietta Materials, Inc.",Matthews Quarry,Completed,0219-0031
"Martin Marietta Materials, Inc.",Pomona Quarry,Completed,0219-0017
"Martin Marietta Materials, Inc.",Raleigh-Durham Quarry,Completed,0219-0045
"Martin Marietta Materials, Inc.",Reidsville Quarry,Completed,0219-0046
"Martin Marietta Materials, Inc.",Rocky Point Quarry,Completed,0219-0005
"Martin Marietta Materials, Inc.",Salem Stone Quarry,Completed,0219-0019
"Martin Marietta Materials, Inc.",Statesville Quarry,Completed,0219-0020
"Martin Marietta Materials, Inc.",Thomasville Quarry,Completed,0219-0021
"Martin Marietta Materials, Inc.",Viewmont Quarry,Completed,0219-0051
"Martin Marietta Materials, Inc.",Woodleaf Quarry,Completed,0219-0022
"Marvin Development II, LLC",Firethrone Country Club,Completed,0023-0002
"McConnell Golf, LLC",Cardinal Golf & Country Club,Completed,0653-0001
"McConnell Golf, LLC",Old North State Club,Completed,0702-0001
"MDC II, LLC",Gates Four Golf & Country Club,Completed,0644-0001
Meadowlands LLC,Meadowlands Golf Club,Completed,0761-0001
Methodist University,King's Grant Golf Course,Completed,0381-0002
Methodist University,Methodist College Golf Course,Completed,0381-0001
Mike Tilley,Cumnock Farms LLC,Completed,0862-0001
Mimosa Hills Country Club,Mimosa Hills Country Club,Completed,0747-0001
Mitchell Wilson,Lynrock Golf Course,Completed,0755-0001
"Moncure Holdings West, LLC","Moncure Holdings Utility, LLC & Moncure Holdings W",Completed,0855-0001
Mooresville,Mooresville Golf Course,Completed,0128-0002
Mountain Air Development Corporation,Mountain Air Country Club,Completed,0428-0001
Mountain Aire,Mountain Aire Golf Club,Completed,0624-0001
"Mountain Golf, LLC",The Ridges Resort & Club,Completed,0652-0001
Mountaintop Community Association,Mountaintop Golf & Lake Club,Completed,0012-0001
"Moyock Farms Associates, Inc.",Blue Bird #1,Completed,0791-0001
"Mt. Mitchell Lands, Inc.",Mt. Mitchell Golf Club,Completed,0022-0001
Murfreesboro Farms Inc.,Murfreesboro Farms INC.,Draft,0418-0001
NC Wildlife Resources Commission,Bobby N. Setzer State Fish Hatchery,Completed,0135-0007
NC Wildlife Resources Commission,Table Rock Fish Hatchery,Completed,0135-0001
NC Wildlife Resources Commission,Watha State Fish Hatchery,Completed,0135-0010
"NCSU Centennial Development, LLC",Lonnie Poole Golf Course,Completed,0688-0001
North Carolina Dept. of Correction,Enterprise Farms,Completed,0348-0001
North Carolina State University,Central Crops Research Station,Completed,0036-0001
North Carolina State University,Sandhills Research Station,Completed,0036-0002
North Ridge Country Club,North Ridge Country Club,Completed,0047-0001
North Star Carolina Corp.,Sandpiper Bay Golf Club,Completed,0758-0001
North Stone Golf Club,North Stone Golf Club,Completed,0032-0001
Northbrook Carolina Hydro Llc,Turner Shoals Hydroelectric Plant,Completed,0361-0002
Northbrook Tuxedo LLC,Tuxedo Hydroelectric Facility,Completed,0869-0001
Nucor Corporation,Nucor Steel,Completed,0720-0001
Oak Valley Golf Club,Oak Valley Golf Club,Completed,0647-0001
Ocean Ridge Plantation Golf,"Lions Paw, Tigers Eye, & Panthers Run",Completed,0038-0003
Old Chatham Golf Club,Old Chatham Golf Club,Completed,0616-0001
Olde Beau Partnership,Olde Beau Golf Club,Completed,0728-0001
Olde Point Golf Course,Olde Point Golf Course,Completed,0770-0001
Pearl Golf Links,Pearl Golf Links,Completed,0784-0001
"Perdue Farms, Inc.",Cofield Facility,Completed,0230-0002
"Perdue Farms, Inc.",Lewiston,Completed,0230-0001
Perry & Perry Inc.,Saunders Farm Pumps,Completed,0265-0001
Phoenix Ski Corporation,Cataloochee Ski Area,Completed,0407-0001
Pilgrim's Pride,Pilgrim's Pride Water Treatment Plant,Completed,0285-0007
Pine Lake Country Club,Pine Lake Country Club,Completed,0040-0001
Pine Needles & Mid Pines Lodge And Country Club,Mid Pines Inn & Golf Club,Completed,0293-0002
Pine Needles & Mid Pines Lodge And Country Club,Pine Needles Lodge & Country Club,Completed,0293-0001
Pine Valley Country Club,Pine Valley Country Club,Draft,0658-0001
Pinehurst CC LLC,Pinehurst National #9,Completed,0756-0001
"Pinehurst, Inc.",LAKE PINEHURST,Completed,0150-0006
"Pinehurst, Inc.",Pinehurst Resort #1,Completed,0150-0001
"Pinehurst, Inc.",Pinehurst Resort #2,Completed,0150-0002
"Pinehurst, Inc.",Pinehurst Resort #3 & #5,Completed,0150-0003
"Pinehurst, Inc.",Pinehurst Resort #4,Completed,0150-0008
"Pinehurst, Inc.",Pinehurst Resort #6,Completed,0150-0005
"Pinehurst, Inc.",Pinehurst Resort #7,Completed,0150-0004
"Pinehurst, Inc.",Pinehurst Resort #8,Completed,0150-0007
Pinewild Country Club of Pinehurst,Azalea/Challenge Course,Completed,0742-0001
Pinewild Country Club of Pinehurst,Holly course,Completed,0742-0003
Pinewild Country Club of Pinehurst,Magnolia course,Completed,0742-0002
Pinnacle Golf Properties,Birkdale Golf Club,Completed,0858-0001
Porters Neck Country Club,Porters Neck Country Club,Completed,0397-0002
Prince Development Corp.,Prince Development Sand Pit,Draft,0870-0001
"Public Works Office, County of Dare",Dare County Construction/Demolition On-Site Borrow,Completed,0836-0001
Quail Hollow Club,Quail Hollow Club,Completed,0666-0001
Ratcliffe Golf Services,Charles T. Myers Golf Course,Completed,0731-0001
Red Bridge Golf & Country Club,Red Bridge Golf & Country Club,Completed,0795-0001
Ridgecrest Conference Center,Ridgecrest Conference Center,Completed,0406-0001
River Bend Golf Club,River Bend Golf Club,Completed,0017-0001
"River Farms, LLC",River Farms Mine,Completed,0850-0001
River Landing at Sandy Ridge,River Landing at Sandy Ridge,Completed,0803-0001
"Rivers Edge Golf Club, LLC","Rivers Edge Golf Club, LLC",Completed,0675-0001
Roaring Gap Club,Roaring Gap Club,Completed,0797-0001
Robert D. White,Robert White Sand Mine,Completed,0853-0001
Robert Levy Jr.,Mid South Golf Club,Completed,0734-0001
"Rock Barn Properties, Inc.",Rock Barn Golf & Spa Jackson Course,Completed,0625-0002
"Rock Barn Properties, Inc.",Rock Barn Golf & Spa Jones Course,Completed,0625-0001
Rolling Hills Country Club,Rolling Hills Country Club,Completed,0621-0001
RPC Contracting,Griggs Pit,Completed,0821-0001
Russell Underwood,Russell Underwood Farm,Completed,0612-0001
"Sandhill Turf, Inc.",Sandhill Turf Inc.,Completed,0253-0001
Sapona Country Club,Sapona Country Club,Completed,0171-0001
Sapphire Valley Country Club,Sapphire Valley Country Club,Completed,0719-0001
Scotch Hall Preserve,Scotch Hall Preserve,Completed,0053-0001
"Scotch Meadows Country Club, Inc.",Scotch Meadows  Country Club,Completed,0605-0001
Sea Scape Golf Links,Sea Scape Golf Links,Completed,0796-0001
Sedgefield Country Club,Sedgefield Country Club,Completed,0754-0001
Sequoyah National Golf Club,Sequoyah National Golf Club,Completed,0762-0001
Shadow Creek Trout,Shadow Creek Trout Farm,Completed,0808-0001
Shelby Underwood,Shelby Underwood Farm,Completed,0613-0001
Shelter Creek Capital,Shelter Creek Quarry,Completed,0813-0001
Sibelco North America,Crystal Facility,Completed,0194-0007
Sibelco North America,Quartz/Feldspar Facility,Completed,0194-0001
Sibelco North America,Red Hill Facility,Completed,0194-0008
Sibelco North America,Schoolhouse Quartz Facility,Completed,0194-0002
Siemens Westinghouse Power Corporation,Charlotte Turbine Generator Service Center,Completed,0248-0001
"Ski Hawksnest, Inc.",Hawksnest,Completed,0405-0001
"Ski the Ridges, LLC",Wolf Ridge Ski Resort,Completed,0610-0001
Smithfield Foods,Clinton Plant,Completed,0429-0003
Smithfield Foods,Smithfield Packing - Tar Heel Division,Completed,0429-0002
Spencer Mountain Hydropower LLC,Spencer Mountain Hydroelectric Project,Completed,0845-0001
Springdale Golf Partners LLC,Springdale Country Club,Completed,0778-0001
"Stonebridge Golf Facility Mgt, LLC",Stonebridge Golf Club,Completed,0721-0001
"Sugar Mountain Resort, Inc.",Sugar Mountain Ski Area,Completed,0415-0001
"T. J. Taylor & Sons, Inc.","T. J. Taylor & Sons, Inc.",Completed,0235-0001
Ted Winslow,Ted Winslow Farm,Completed,0343-0001
Teledyne Allvac,Monroe Plant,Completed,0338-0001
Terramesa Resort Properties,Bear Lake Golf Clulb,Completed,0730-0001
"The Chemours Company FC, LLC",Chemours Company - Fayetteville Works,Completed,0843-0001
The Cliffs at Walnut Cove Golf & Country Club,The Cliffs at Walnut Cove Golf & Country Club,Completed,0499-0001
The Country Club Of North Carolina,The Country Club Of North Carolina,Completed,0345-0001
"The Fork, LLC","The Fork, LLC",Draft,0007-0001
The Peninsula Club,The Peninsula Club,Completed,0500-0001
The Quartz Corp,K-T Feldspar,Completed,0067-0002
The Quartz Corp,The Feldspar Corporation,Completed,0067-0001
Thistle Golf Club,Thistle Golf Club,Completed,0783-0001
"Thomas A. Stevenson, Jr./Stevenson Sand, Inc.",Stevenson Sand Mine #1,Completed,0828-0001
"Thomas Turf, Inc.","Thomas Turf, Inc.",Completed,0716-0001
"Tobacco Road Golf, LLC","Tobacco Road Golf, LLC",Completed,0681-0001
Toll Brothers,Hasentree Residential Subdivision,Completed,0008-0001
Town of Fontana Dam,Fontana Dam Water Treatment Plant,Completed,0002-0001
Trillium Links & Lake Club,Trillium Links,Completed,0729-0002
Trump Organization,Trump National Charlotte,Completed,0044-0001
"Turf Mountain Sod, Inc.","Turf Mountain Sod, INC.",Completed,0412-0001
"Tyson Foods, Inc",River Valley Animal Foods,Completed,0426-0001
"Tyton NC Biofuels, LLC","Tyton NC Biofuels, LLC",Completed,0837-0001
U.S. National Whitewater Center,U.S. National Whitewater Center,Completed,0792-0001
UNC-Chapel Hill,Finley Golf Course,Completed,0347-0002
Unimin Corporation,Green Mountain Plant No. 1 Facility,Draft,0194-0003
"Valley Proteins, Inc.","Carolina By- Products, Gastonia Division",Completed,0713-0001
"Vulcan Construction Materials, LLC",115 Quarry,Completed,0199-0024
"Vulcan Construction Materials, LLC",Boone Quarry,Completed,0199-0023
"Vulcan Construction Materials, LLC",Cabarrus Quarry,Completed,0199-0000
"Vulcan Construction Materials, LLC",Clear Creek Quarry,Completed,0199-0019
"Vulcan Construction Materials, LLC",East Forsyth Quarry,Completed,0199-0013
"Vulcan Construction Materials, LLC",Elkin Quarry,Completed,0199-0027
"Vulcan Construction Materials, LLC",Enka Quarry,Completed,0199-0001
"Vulcan Construction Materials, LLC",Gold Hill Quarry,Completed,0199-0006
"Vulcan Construction Materials, LLC",Greystone Quarry,Completed,0199-0022
"Vulcan Construction Materials, LLC",Hendersonville Quarry,Completed,0199-0017
"Vulcan Construction Materials, LLC",Lenoir Quarry,Completed,0199-0029
"Vulcan Construction Materials, LLC",Morganton Quarry,Completed,0199-0004
"Vulcan Construction Materials, LLC",North Quarry,Completed,0199-0012
"Vulcan Construction Materials, LLC",Penrose Quarry,Completed,0199-0002
"Vulcan Construction Materials, LLC",Pineville Quarry,Completed,0199-0018
"Vulcan Construction Materials, LLC",Rockingham Quarry,Completed,0199-0020
"Vulcan Construction Materials, LLC",Smith Grove Quarry,Completed,0199-0010
"Vulcan Construction Materials, LLC",Spruce Pine Quarry,Completed,0199-0030
"Vulcan Construction Materials, LLC",Stokesdale Quarry,Completed,0199-0015
W.J. McLamb,"Meadowlands Golf Club, Inc.",Completed,0685-0001
"Wade Hampton Golf Club, Inc.","Wade Hampton Golf Club, Inc.",Completed,0684-0001
Wake Stone Corporation,Knightdale Quarry,Completed,0202-0003
Wake Stone Corporation,Moncure Quarry,Completed,0202-0001
Wake Stone Corporation,Nash County Quarry,Completed,0202-0002
Wake Stone Corporation,Triangle Quarry,Completed,0202-0004
"WestRock Kraft Paper, LLC.",Roanoke Rapids Mill,Completed,0037-0001
"Wil-Mar Golf Club, Inc.","Wil-Mar Golf Club, Inc.",Completed,0691-0001
Wildcat Cliffs Country Club,Wildcat Cliffs Country Club,Completed,0640-0001
Wiley B. Gillam III,Gillam Farms (combined),Completed,0054-0001
William H. Spruill,Guinea Mine,Completed,0839-0002
William H. Spruill,Spruill Mine,Completed,0839-0001
William R. Johnston,Johnston Farm,Completed,0207-0001
Williams Gas Pipe Lines (Transco),Rowan Loop,Draft,0006-0006
Z.V. Pate Inc.,Fisher Farm,Completed,0842-0001
Z.V. Pate Inc.,McLeod,Completed,0842-0002
Zebulon Country Club,Zebulon Country Club,Completed,0776-0001
Zink Holdings LLC,Zink Holdings LLC,Completed,0844-0001
